kind,filename,name,prompt
icon,icon/ui-see.webp,學習步道：認識,"Chunky 3D game icon: a pair of big friendly round cartoon eyes peeking over a green leaf. Rounded bulbous shape, soft glossy ambient reflection, warm rim light from top-left, slight bevel edge, readable at tiny size. Isolated on pure white background, soft drop shadow. Square 1:1. --no text, flat vector"
icon,icon/ui-song.webp,學習步道：兒歌,"Chunky 3D game icon: a chunky carved wooden music note with a small green leaf. Rounded bulbous shape, soft glossy ambient reflection, warm rim light from top-left, slight bevel edge, readable at tiny size. Isolated on pure white background, soft drop shadow. Square 1:1. --no text, flat vector"
icon,icon/ui-again.webp,再玩一次,"Chunky 3D game icon: a circular arrow made of a curled green vine with two leaves. Rounded bulbous shape, soft glossy ambient reflection, warm rim light from top-left, slight bevel edge, readable at tiny size. Isolated on pure white background, soft drop shadow. Square 1:1. --no text, flat vector"
icon,icon/ui-next.webp,下一站,"Chunky 3D game icon: a small wooden arrow signpost pointing to the right. Rounded bulbous shape, soft glossy ambient reflection, warm rim light from top-left, slight bevel edge, readable at tiny size. Isolated on pure white background, soft drop shadow. Square 1:1. --no text, flat vector"
icon,icon/ui-play.webp,開始（播放）,"Chunky 3D game icon: a round leaf-green play button made of carved wood with a cream triangle. Rounded bulbous shape, soft glossy ambient reflection, warm rim light from top-left, slight bevel edge, readable at tiny size. Isolated on pure white background, soft drop shadow. Square 1:1. --no text, flat vector"
icon,icon/ui-challenge.webp,挑戰難一點,"Chunky 3D game icon: a small rocky mountain peak with a red flag on top. Rounded bulbous shape, soft glossy ambient reflection, warm rim light from top-left, slight bevel edge, readable at tiny size. Isolated on pure white background, soft drop shadow. Square 1:1. --no text, flat vector"
icon,icon/ui-gift.webp,新裝飾／禮物,"Chunky 3D game icon: a small wrapped gift box with a green leaf ribbon bow. Rounded bulbous shape, soft glossy ambient reflection, warm rim light from top-left, slight bevel edge, readable at tiny size. Isolated on pure white background, soft drop shadow. Square 1:1. --no text, flat vector"
icon,icon/ui-puzzle.webp,益智島,"Chunky 3D game icon: a single chunky wooden jigsaw puzzle piece with a tiny leaf. Rounded bulbous shape, soft glossy ambient reflection, warm rim light from top-left, slight bevel edge, readable at tiny size. Isolated on pure white background, soft drop shadow. Square 1:1. --no text, flat vector"
icon,icon/ui-speed.webp,車庫：速度,"Chunky 3D game icon: a small carved wooden rocket with leaf fins. Rounded bulbous shape, soft glossy ambient reflection, warm rim light from top-left, slight bevel edge, readable at tiny size. Isolated on pure white background, soft drop shadow. Square 1:1. --no text, flat vector"
icon,icon/ui-engine.webp,車庫：引擎,"Chunky 3D game icon: a polished brass gear cog. Rounded bulbous shape, soft glossy ambient reflection, warm rim light from top-left, slight bevel edge, readable at tiny size. Isolated on pure white background, soft drop shadow. Square 1:1. --no text, flat vector"
icon,icon/ui-tire.webp,車庫：輪胎,"Chunky 3D game icon: a chunky wooden wheel with a dark rubber tire. Rounded bulbous shape, soft glossy ambient reflection, warm rim light from top-left, slight bevel edge, readable at tiny size. Isolated on pure white background, soft drop shadow. Square 1:1. --no text, flat vector"
icon,icon/av-unicorn.webp,頭像：獨角獸,"Chunky 3D game icon: head-and-shoulders portrait of a cute baby unicorn with a pastel mane, facing forward. Rounded bulbous shape, soft glossy ambient reflection, warm rim light from top-left, slight bevel edge, readable at tiny size. Isolated on pure white background, soft drop shadow. Square 1:1. --no text, flat vector"
icon,icon/av-astronaut.webp,頭像：太空人,"Chunky 3D game icon: head-and-shoulders portrait of a cute raccoon kid wearing a round space helmet, facing forward. Rounded bulbous shape, soft glossy ambient reflection, warm rim light from top-left, slight bevel edge, readable at tiny size. Isolated on pure white background, soft drop shadow. Square 1:1. --no text, flat vector"
icon,icon/av-wizard.webp,頭像：小巫師,"Chunky 3D game icon: head-and-shoulders portrait of a cute owlet wearing a starry wizard hat, facing forward. Rounded bulbous shape, soft glossy ambient reflection, warm rim light from top-left, slight bevel edge, readable at tiny size. Isolated on pure white background, soft drop shadow. Square 1:1. --no text, flat vector"
icon,icon/av-hero.webp,頭像：超級英雄,"Chunky 3D game icon: head-and-shoulders portrait of a cute hedgehog kid with a red cape and mask, facing forward. Rounded bulbous shape, soft glossy ambient reflection, warm rim light from top-left, slight bevel edge, readable at tiny size. Isolated on pure white background, soft drop shadow. Square 1:1. --no text, flat vector"
icon,icon/av-ninja.webp,頭像：小忍者,"Chunky 3D game icon: head-and-shoulders portrait of a cute red panda kid in a dark ninja hood, facing forward. Rounded bulbous shape, soft glossy ambient reflection, warm rim light from top-left, slight bevel edge, readable at tiny size. Isolated on pure white background, soft drop shadow. Square 1:1. --no text, flat vector"
